{
	"class_name" : "PinholeCameraParameters",
	"extrinsic" : 
	[
		0.99890345006898873,
		-0.025254021113953386,
		0.039422479093117656,
		0.0,
		-0.045607983414313977,
		-0.71507676554459043,
		0.6975565433906894,
		0.0,
		0.010573991164690997,
		-0.69858961758378801,
		-0.71544443314277462,
		0.0,
		1.574822182706078,
		24.355692369866745,
		52.599858596283248,
		1.0
	],
	"intrinsic" : 
	{
		"height" : 1016,
		"intrinsic_matrix" : 
		[
			879.88181024498977,
			0.0,
			0.0,
			0.0,
			879.88181024498977,
			0.0,
			924.5,
			507.5,
			1.0
		],
		"width" : 1850
	},
	"version_major" : 1,
	"version_minor" : 0
}